{
    "ID":{
        "0":1,
        "1":2,
        "2":3,
        "3":4
    },
    "Nome":{
        "0":"João",
        "1":"Mariana",
        "2":"Carlos",
        "3":"Fernanda"
    },
    "Endereço":{
        "0":"Rua das Flores, 123",
        "1":"Avenida Central, 456",
        "2":"Praça da Estação, 789",
        "3":"Alameda dos Anjos, 101"
    },
    "Produto":{
        "0":"Camiseta",
        "1":"Tênis",
        "2":"Mochila",
        "3":"Relógio"
    },
    "Quantidade":{
        "0":2,
        "1":1,
        "2":1,
        "3":1
    },
    "Preço":{
        "0":50,
        "1":120,
        "2":80,
        "3":150
    },
    "Data":{
        "0":"01\/01\/2023",
        "1":"02\/01\/2023",
        "2":"03\/01\/2023",
        "3":"04\/01\/2023"
    }
}